-- phpMyAdmin SQL Dump
-- version 5.2.1
-- https://www.phpmyadmin.net/
--
-- Gép: 127.0.0.1
-- Létrehozás ideje: 2024. Ápr 21. 15:21
-- Kiszolgáló verziója: 10.4.32-MariaDB
-- PHP verzió: 8.2.12

SET SQL_MODE = "NO_AUTO_VALUE_ON_ZERO";
START TRANSACTION;
SET time_zone = "+00:00";


/*!40101 SET @OLD_CHARACTER_SET_CLIENT=@@CHARACTER_SET_CLIENT */;
/*!40101 SET @OLD_CHARACTER_SET_RESULTS=@@CHARACTER_SET_RESULTS */;
/*!40101 SET @OLD_COLLATION_CONNECTION=@@COLLATION_CONNECTION */;
/*!40101 SET NAMES utf8mb4 */;

--
-- Adatbázis: `enaplo`
--
CREATE DATABASE IF NOT EXISTS `enaplo` DEFAULT CHARACTER SET utf8 COLLATE utf8_hungarian_ci;
USE `enaplo`;

-- --------------------------------------------------------

--
-- Tábla szerkezet ehhez a táblához `diakok`
--

CREATE TABLE `diakok` (
  `diak_id` bigint(20) NOT NULL,
  `diak_nev` varchar(45) NOT NULL,
  `diak_szuldatum` date NOT NULL,
  `diak_szulhely` varchar(45) NOT NULL,
  `diak_anyja` varchar(45) NOT NULL,
  `diak_lakcim` varchar(45) DEFAULT NULL,
  `oszt_id` int(11) NOT NULL,
  `fel_id` int(11) NOT NULL
) ENGINE=InnoDB DEFAULT CHARSET=utf8 COLLATE=utf8_hungarian_ci;

--
-- A tábla adatainak kiíratása `diakok`
--

INSERT INTO `diakok` (`diak_id`, `diak_nev`, `diak_szuldatum`, `diak_szulhely`, `diak_anyja`, `diak_lakcim`, `oszt_id`, `fel_id`) VALUES
(72012345678, 'Németh András', '2004-11-19', 'Budapest', 'Bor Virág', NULL, 1, 6),
(72123456789, 'Oláh Béla', '2004-05-14', 'Vác', 'Locsoló K. Anna', NULL, 1, 7),
(73012345678, 'Bombo Netti', '2003-02-23', 'Miskolc', 'Romolhatatlan Rozália', NULL, 2, 8),
(73123456789, 'Folyékony Szilárd', '2003-07-29', 'Ózd', 'Szaladósné Futó Gabriella', NULL, 2, 9),
(74012345678, 'Bak Tass', '2001-12-31', 'Zemplénagárd', 'Bac Ilus', NULL, 3, 10),
(74123456789, 'Bekre Pál', '2001-09-16', 'Budapest', 'Bo Lívia', NULL, 3, 11),
(75012345678, 'Chat Elek', '1999-12-16', 'Budapest', 'Cicam Ica', NULL, 4, 12),
(75123456789, 'Csák Ányos', '2000-04-05', 'Göd', 'Citad Ella', NULL, 4, 13);

-- --------------------------------------------------------

--
-- Tábla szerkezet ehhez a táblához `ertekelesek`
--

CREATE TABLE `ertekelesek` (
  `ert_id` int(11) NOT NULL,
  `ora_id` int(11) NOT NULL,
  `diak_id` bigint(20) NOT NULL,
  `ert_leiras` varchar(45) NOT NULL,
  `ert_jegy` int(1) NOT NULL,
  `ert_szazalek` int(4) NOT NULL,
  `ido_id` int(11) NOT NULL,
  `tip_id` int(11) NOT NULL
) ENGINE=InnoDB DEFAULT CHARSET=utf8 COLLATE=utf8_hungarian_ci;

--
-- A tábla adatainak kiíratása `ertekelesek`
--

INSERT INTO `ertekelesek` (`ert_id`, `ora_id`, `diak_id`, `ert_leiras`, `ert_jegy`, `ert_szazalek`, `ido_id`, `tip_id`) VALUES
(1, 67, 75012345678, 'Tesztelési módszerek', 3, 50, 1, 2),
(2, 67, 75123456789, 'Tesztelési módszerek', 4, 50, 1, 2),
(3, 67, 75012345678, 'Év végi', 4, 100, 3, 9),
(4, 67, 75123456789, 'Év végi', 5, 100, 3, 9),
(5, 1, 72012345678, 'Hálózati topológiák', 5, 200, 1, 3),
(6, 34, 73012345678, 'OSI modell', 2, 100, 1, 4),
(7, 34, 73123456789, 'OSI modell', 3, 100, 1, 4),
(8, 65, 74012345678, 'Síkgeometria', 1, 100, 1, 8),
(9, 65, 74123456789, 'Síkgeometria', 1, 100, 1, 8);

-- --------------------------------------------------------

--
-- Tábla szerkezet ehhez a táblához `ertidopontok`
--

CREATE TABLE `ertidopontok` (
  `ido_id` int(11) NOT NULL,
  `ido_nev` varchar(45) NOT NULL
) ENGINE=InnoDB DEFAULT CHARSET=utf8 COLLATE=utf8_hungarian_ci;

--
-- A tábla adatainak kiíratása `ertidopontok`
--

INSERT INTO `ertidopontok` (`ido_id`, `ido_nev`) VALUES
(1, 'Évközi értékelés'),
(2, 'Félévi értékelés'),
(3, 'Év végi értékelés');

-- --------------------------------------------------------

--
-- Tábla szerkezet ehhez a táblához `erttipusok`
--

CREATE TABLE `erttipusok` (
  `tip_id` int(11) NOT NULL,
  `tip_nev` varchar(45) NOT NULL
) ENGINE=InnoDB DEFAULT CHARSET=utf8 COLLATE=utf8_hungarian_ci;

--
-- A tábla adatainak kiíratása `erttipusok`
--

INSERT INTO `erttipusok` (`tip_id`, `tip_nev`) VALUES
(1, 'Évközi / Évvégi értékelés'),
(2, 'Írásbeli röpdolgozat'),
(3, 'Írásbeli témazáró dolgozat'),
(4, 'Szóbeli felelet'),
(5, 'Órai munka'),
(6, 'Projektfeladat'),
(7, 'Házi dolgozat'),
(8, 'Házi feladat'),
(9, 'Gyakorlati feladat');

-- --------------------------------------------------------

--
-- Tábla szerkezet ehhez a táblához `felhasznalok`
--

CREATE TABLE `felhasznalok` (
  `fel_id` int(11) NOT NULL,
  `fel_nev` text NOT NULL,
  `fel_jelszo` text NOT NULL,
  `fel_email` text NOT NULL,
  `fel_telszam` text DEFAULT NULL,
  `jog_id` int(11) NOT NULL,
  `tema_id` int(11) NOT NULL
) ENGINE=InnoDB DEFAULT CHARSET=utf8 COLLATE=utf8_hungarian_ci;

--
-- A tábla adatainak kiíratása `felhasznalok`
--

INSERT INTO `felhasznalok` (`fel_id`, `fel_nev`, `fel_jelszo`, `fel_email`, `fel_telszam`, `jog_id`, `tema_id`) VALUES
(1, 'Admin', '$2y$12$eezrsyYnZ6v2rVcx1AVqQOyElxni/RlnZi/YjSdCa8z.4jWKqgt/y', 'admin@admin.hu', NULL, 4, 1),
(2, 'somogyi.emese', '$2y$12$xMVpcXB07frKrTbo3CSowOujyY4jVXIvNwkYcnESbiL44KHZxHONK', 'somogyi.emese@raketa.hu', NULL, 3, 1),
(3, 'horvath.adrian', '$2y$12$2rmmPqXMAQjKy3BTOuXJ2.uzWxljNSUweAkrRj3sLsv9deE6ya.k2', 'horvath.adrian@raketa.hu', NULL, 2, 1),
(4, 'wincs.eszter', '$2y$12$eRKQAs9hXroLKvUYTH7Pme9w/cynJvqoowy7rfdjnjjDY8X9l6h5C', 'wincs.eszter@raketa.hu', NULL, 2, 1),
(5, 'koaxk.abel', '$2y$12$LP/2L5G3vS897R1A18n6Eu.vU4EcR9I9HxbM56tg2MfnuZ4iT1ig6', 'koaxk.abel@raketa.hu', NULL, 2, 1),
(6, '72012345678', '$2y$12$k7btdA2LMbg5AibfvMtSjutSTZ0fLwCehMyOGQO0EsOP/e6D6bbG.', 'nemeth.andras@raketa.hu', NULL, 1, 1),
(7, '72123456789', '$2y$12$mSqK3TNkW4Wl.ptcPkUVresYXF/MeVnSB4tCBsxBeSgup6ZTLZCFC', 'olah.bela@raketa.hu', NULL, 1, 1),
(8, '73012345678', '$2y$12$BUNd4Q3XW8fwVNyF2cUm8uH/cKETu28L9rec4yV2wcIbSkBnaC.sm', 'bombo.netti@raketa.hu', NULL, 1, 1),
(9, '73123456789', '$2y$12$8Iy2YF8j4gCr0nhurQrKZeWCzZzDMFCwvcokAkCEq6P6wQflcVwIa', 'folyekony.szilard@raketa.hu', NULL, 1, 1),
(10, '74012345678', '$2y$12$F3xSP/.RUdUyk5x8cuYQYemQ5V0fFjGuvbkDulfIWD8UnVhMGHzjm', 'bak.tass@raketa.hu', NULL, 1, 1),
(11, '74123456789', '$2y$12$sNS35eDSZG63by64W6hS7.63S5u3TeXQvDuJM3c449JGGMFQmmb1y', 'bekre.pal@raketa.hu', NULL, 1, 1),
(12, '75012345678', '$2y$12$8Ps2A5AXry0v3hO2kX2MpevwSBJU.PJoXQ3vX/HdIhOeUd.YuMfLe', 'chat.elek@raketa.hu', NULL, 1, 1),
(13, '75123456789', '$2y$12$n3KF..xUmyiWya3n89qupO50t0FD/mXGQ0zlPsp5gWwk2rrg5fGm.', 'csak.anyos@raketa.hu', NULL, 1, 1),
(14, 'krump.lee', '$2y$12$/6AH1gtyPn3t0tr9lK/v/umO7f5o4EechnfiE6DYz4G5pduy6lrCO', 'krump.lee@raketa.hu', NULL, 2, 1),
(15, 'kulo.nora', '$2y$12$NHcjYZq.AWEENWUMrSJ9Gu842K5FKgFSW9ITfdX25EDVMhjj316tK', 'kulo.nora@raketa.hu', NULL, 2, 1),
(16, 'happy.endre', '$2y$12$mbXxe1bhhd4Fzy9yq1W2f.IwKr6HcL5UZBoe9T0UJa91ag2VX.lcW', 'happy.endre@raketa.hu', NULL, 2, 1);

-- --------------------------------------------------------

--
-- Tábla szerkezet ehhez a táblához `hianyzasok`
--

CREATE TABLE `hianyzasok` (
  `hia_id` int(11) NOT NULL,
  `ora_id` int(11) NOT NULL,
  `diak_id` bigint(20) NOT NULL,
  `hia_keses` tinyint(1) NOT NULL,
  `hia_perc` int(11) DEFAULT NULL,
  `iga_id` int(11) DEFAULT NULL
) ENGINE=InnoDB DEFAULT CHARSET=utf8 COLLATE=utf8_hungarian_ci;

--
-- A tábla adatainak kiíratása `hianyzasok`
--

INSERT INTO `hianyzasok` (`hia_id`, `ora_id`, `diak_id`, `hia_keses`, `hia_perc`, `iga_id`) VALUES
(1, 82, 75012345678, 0, NULL, NULL),
(2, 82, 75123456789, 0, NULL, NULL),
(3, 83, 75012345678, 0, NULL, NULL),
(4, 83, 75123456789, 0, NULL, NULL),
(5, 73, 75012345678, 1, 15, NULL),
(6, 1, 72012345678, 1, 10, NULL),
(7, 1, 72123456789, 0, NULL, NULL),
(8, 38, 73012345678, 1, 5, NULL),
(9, 61, 74012345678, 0, NULL, NULL),
(10, 61, 74123456789, 0, NULL, NULL);

-- --------------------------------------------------------

--
-- Tábla szerkezet ehhez a táblához `igazolasok`
--

CREATE TABLE `igazolasok` (
  `iga_id` int(11) NOT NULL,
  `iga_nev` varchar(45) NOT NULL
) ENGINE=InnoDB DEFAULT CHARSET=utf8 COLLATE=utf8_hungarian_ci;

--
-- A tábla adatainak kiíratása `igazolasok`
--

INSERT INTO `igazolasok` (`iga_id`, `iga_nev`) VALUES
(1, 'Szülői igazolás'),
(2, 'Orvosi igazolás'),
(3, 'Egyéb');

-- --------------------------------------------------------

--
-- Tábla szerkezet ehhez a táblához `jogok`
--

CREATE TABLE `jogok` (
  `jog_id` int(11) NOT NULL,
  `jog_nev` varchar(45) NOT NULL
) ENGINE=InnoDB DEFAULT CHARSET=utf8 COLLATE=utf8_hungarian_ci;

--
-- A tábla adatainak kiíratása `jogok`
--

INSERT INTO `jogok` (`jog_id`, `jog_nev`) VALUES
(1, 'diák'),
(2, 'tanár'),
(3, 'intézményvezető'),
(4, 'admin');

-- --------------------------------------------------------

--
-- Tábla szerkezet ehhez a táblához `orak`
--

CREATE TABLE `orak` (
  `ora_id` int(11) NOT NULL,
  `oszt_id` int(11) NOT NULL,
  `ora_datum` date NOT NULL,
  `ora_szam` int(11) NOT NULL,
  `tanit_id` int(11) NOT NULL,
  `ora_terem` varchar(45) NOT NULL
) ENGINE=InnoDB DEFAULT CHARSET=utf8 COLLATE=utf8_hungarian_ci;

--
-- A tábla adatainak kiíratása `orak`
--

INSERT INTO `orak` (`ora_id`, `oszt_id`, `ora_datum`, `ora_szam`, `tanit_id`, `ora_terem`) VALUES
(1, 1, '2024-04-22', 1, 7, '29'),
(2, 1, '2024-04-22', 2, 7, '29'),
(3, 1, '2024-04-22', 3, 8, '28'),
(4, 1, '2024-04-22', 4, 8, '28'),
(5, 1, '2024-04-22', 5, 8, '28'),
(6, 1, '2024-04-22', 6, 8, '28'),
(7, 1, '2024-04-23', 1, 5, '15'),
(8, 1, '2024-04-23', 2, 7, '107'),
(9, 1, '2024-04-23', 3, 9, '114'),
(10, 1, '2024-04-23', 4, 9, '114'),
(11, 1, '2024-04-23', 5, 9, '114'),
(12, 1, '2024-04-23', 6, 12, '211'),
(13, 1, '2024-04-23', 7, 12, '211'),
(14, 1, '2024-04-24', 3, 10, '113'),
(15, 1, '2024-04-24', 4, 10, '113'),
(16, 1, '2024-04-24', 5, 10, '113'),
(17, 1, '2024-04-24', 6, 10, '113'),
(18, 1, '2024-04-24', 7, 9, '114'),
(19, 1, '2024-04-24', 8, 9, '114'),
(20, 1, '2024-04-25', 2, 12, '211'),
(21, 1, '2024-04-25', 3, 12, '211'),
(22, 1, '2024-04-25', 4, 7, '105'),
(23, 1, '2024-04-25', 5, 5, '15'),
(24, 2, '2024-04-23', 1, 10, '113'),
(25, 2, '2024-04-23', 2, 10, '113'),
(26, 2, '2024-04-23', 3, 10, '113'),
(27, 2, '2024-04-23', 4, 10, '113'),
(28, 2, '2024-04-23', 5, 6, '105'),
(29, 2, '2024-04-24', 1, 10, '113'),
(30, 2, '2024-04-24', 2, 10, '113'),
(31, 2, '2024-04-24', 5, 5, '15'),
(32, 2, '2024-04-24', 3, 9, '114'),
(33, 2, '2024-04-24', 4, 9, '114'),
(34, 2, '2024-04-25', 1, 7, '29'),
(35, 2, '2024-04-25', 2, 6, '102'),
(36, 2, '2024-04-25', 3, 5, '209'),
(37, 2, '2024-04-25', 4, 5, '209'),
(38, 2, '2024-04-25', 5, 12, '212'),
(39, 2, '2024-04-25', 6, 12, '212'),
(40, 2, '2024-04-26', 3, 9, '114'),
(41, 2, '2024-04-26', 4, 9, '114'),
(42, 2, '2024-04-26', 5, 9, '114'),
(43, 2, '2024-04-26', 6, 9, '114'),
(44, 2, '2024-04-26', 7, 10, '112'),
(45, 3, '2024-04-22', 1, 9, '114'),
(46, 3, '2024-04-22', 2, 9, '114'),
(47, 3, '2024-04-22', 3, 9, '114'),
(48, 3, '2024-04-22', 4, 9, '114'),
(49, 3, '2024-04-22', 5, 6, '102'),
(50, 3, '2024-04-22', 6, 6, '102'),
(51, 3, '2024-04-24', 1, 5, '29'),
(52, 3, '2024-04-24', 2, 5, '29'),
(53, 3, '2024-04-24', 3, 7, '15'),
(54, 3, '2024-04-24', 4, 7, '15'),
(55, 3, '2024-04-24', 5, 9, '114'),
(56, 3, '2024-04-24', 6, 9, '114'),
(57, 3, '2024-04-25', 3, 13, '15'),
(58, 3, '2024-04-25', 4, 13, '15'),
(59, 3, '2024-04-25', 5, 10, '113'),
(60, 3, '2024-04-25', 6, 10, '113'),
(61, 3, '2024-04-26', 1, 12, '212'),
(62, 3, '2024-04-26', 2, 12, '212'),
(63, 3, '2024-04-26', 3, 12, '212'),
(64, 3, '2024-04-26', 4, 12, '212'),
(65, 3, '2024-04-26', 5, 12, '212'),
(66, 3, '2024-04-26', 6, 12, '212'),
(67, 4, '2024-04-22', 1, 11, '209'),
(68, 4, '2024-04-22', 2, 3, '40'),
(69, 4, '2024-04-22', 3, 3, '40'),
(70, 4, '2024-04-22', 4, 3, '40'),
(71, 4, '2024-04-22', 5, 4, '40'),
(72, 4, '2024-04-22', 6, 4, '40'),
(73, 4, '2024-04-23', 1, 2, '117'),
(74, 4, '2024-04-23', 2, 2, '117'),
(75, 4, '2024-04-23', 3, 6, '211'),
(76, 4, '2024-04-23', 4, 2, '117'),
(77, 4, '2024-04-23', 5, 2, '117'),
(78, 4, '2024-04-24', 3, 3, '40'),
(79, 4, '2024-04-24', 4, 3, '40'),
(80, 4, '2024-04-24', 5, 4, '40'),
(81, 4, '2024-04-24', 6, 4, '40'),
(82, 4, '2024-04-24', 7, 1, '117'),
(83, 4, '2024-04-24', 8, 1, '117'),
(84, 4, '2024-04-25', 1, 1, '117'),
(85, 4, '2024-04-25', 2, 1, '117'),
(86, 4, '2024-04-25', 3, 4, '40'),
(87, 4, '2024-04-25', 4, 4, '40'),
(88, 4, '2024-04-25', 5, 3, '40'),
(89, 4, '2024-04-25', 6, 3, '40'),
(90, 4, '2024-04-25', 7, 11, '29'),
(91, 4, '2024-04-25', 8, 11, '29'),
(92, 4, '2024-04-26', 1, 4, '40'),
(93, 4, '2024-04-26', 2, 4, '40'),
(94, 4, '2024-04-26', 3, 10, '29'),
(95, 4, '2024-04-26', 4, 2, '117'),
(96, 4, '2024-04-26', 5, 2, '117'),
(97, 4, '2024-04-26', 6, 1, '117'),
(98, 4, '2024-04-26', 7, 6, '202'),
(99, 1, '2024-04-29', 1, 7, '29'),
(100, 1, '2024-04-29', 2, 7, '29'),
(101, 1, '2024-04-29', 3, 8, '28'),
(102, 1, '2024-04-29', 4, 8, '28'),
(103, 1, '2024-04-29', 5, 8, '28'),
(104, 1, '2024-04-29', 6, 8, '28'),
(105, 1, '2024-04-30', 1, 5, '15'),
(106, 1, '2024-04-30', 2, 7, '107'),
(107, 1, '2024-04-30', 3, 9, '114'),
(108, 1, '2024-04-30', 4, 9, '114'),
(109, 1, '2024-04-30', 5, 9, '114'),
(110, 1, '2024-04-30', 6, 12, '211'),
(111, 1, '2024-04-30', 7, 12, '211'),
(112, 1, '2024-05-01', 3, 10, '113'),
(113, 1, '2024-05-01', 4, 10, '113'),
(114, 1, '2024-05-01', 5, 10, '113'),
(115, 1, '2024-05-01', 6, 10, '113'),
(116, 1, '2024-05-01', 7, 9, '114'),
(117, 1, '2024-05-01', 8, 9, '114'),
(118, 1, '2024-05-02', 2, 12, '211'),
(119, 1, '2024-05-02', 3, 12, '211'),
(120, 1, '2024-05-02', 4, 7, '105'),
(121, 1, '2024-05-02', 5, 5, '15'),
(122, 2, '2024-04-30', 1, 10, '113'),
(123, 2, '2024-04-30', 2, 10, '113'),
(124, 2, '2024-04-30', 3, 10, '113'),
(125, 2, '2024-04-30', 4, 10, '113'),
(126, 2, '2024-04-30', 5, 6, '105'),
(127, 2, '2024-05-01', 1, 10, '113'),
(128, 2, '2024-05-01', 2, 10, '113'),
(129, 2, '2024-05-01', 5, 5, '15'),
(130, 2, '2024-05-01', 3, 9, '114'),
(131, 2, '2024-05-01', 4, 9, '114'),
(132, 2, '2024-05-02', 1, 7, '29'),
(133, 2, '2024-05-02', 2, 6, '102'),
(134, 2, '2024-05-02', 3, 5, '209'),
(135, 2, '2024-05-02', 4, 5, '209'),
(136, 2, '2024-05-02', 5, 12, '212'),
(137, 2, '2024-05-02', 6, 12, '212'),
(138, 2, '2024-05-03', 3, 9, '114'),
(139, 2, '2024-05-03', 4, 9, '114'),
(140, 2, '2024-05-03', 5, 9, '114'),
(141, 2, '2024-05-03', 6, 9, '114'),
(142, 2, '2024-05-03', 7, 10, '112'),
(143, 3, '2024-04-29', 1, 9, '114'),
(144, 3, '2024-04-29', 2, 9, '114'),
(145, 3, '2024-04-29', 3, 9, '114'),
(146, 3, '2024-04-29', 4, 9, '114'),
(147, 3, '2024-04-29', 5, 6, '102'),
(148, 3, '2024-04-29', 6, 6, '102'),
(149, 3, '2024-05-01', 1, 5, '29'),
(150, 3, '2024-05-01', 2, 5, '29'),
(151, 3, '2024-05-01', 3, 7, '15'),
(152, 3, '2024-05-01', 4, 7, '15'),
(153, 3, '2024-05-01', 5, 9, '114'),
(154, 3, '2024-05-01', 6, 9, '114'),
(155, 3, '2024-05-02', 3, 13, '15'),
(156, 3, '2024-05-02', 4, 13, '15'),
(157, 3, '2024-05-02', 5, 10, '113'),
(158, 3, '2024-05-02', 6, 10, '113'),
(159, 3, '2024-05-03', 1, 12, '212'),
(160, 3, '2024-05-03', 2, 12, '212'),
(161, 3, '2024-05-03', 3, 12, '212'),
(162, 3, '2024-05-03', 4, 12, '212'),
(163, 3, '2024-05-03', 5, 12, '212'),
(164, 3, '2024-05-03', 6, 12, '212'),
(165, 4, '2024-04-29', 1, 11, '209'),
(166, 4, '2024-04-29', 2, 3, '40'),
(167, 4, '2024-04-29', 3, 3, '40'),
(168, 4, '2024-04-29', 4, 3, '40'),
(169, 4, '2024-04-29', 5, 4, '40'),
(170, 4, '2024-04-29', 6, 4, '40'),
(171, 4, '2024-04-30', 1, 2, '117'),
(172, 4, '2024-04-30', 2, 2, '117'),
(173, 4, '2024-04-30', 3, 6, '211'),
(174, 4, '2024-04-30', 4, 2, '117'),
(175, 4, '2024-04-30', 5, 2, '117'),
(176, 4, '2024-05-01', 3, 3, '40'),
(177, 4, '2024-05-01', 4, 3, '40'),
(178, 4, '2024-05-01', 5, 4, '40'),
(179, 4, '2024-05-01', 6, 4, '40'),
(180, 4, '2024-05-01', 7, 1, '117'),
(181, 4, '2024-05-01', 8, 1, '117'),
(182, 4, '2024-05-02', 1, 1, '117'),
(183, 4, '2024-05-02', 2, 1, '117'),
(184, 4, '2024-05-02', 3, 4, '40'),
(185, 4, '2024-05-02', 4, 4, '40'),
(186, 4, '2024-05-02', 5, 3, '40'),
(187, 4, '2024-05-02', 6, 3, '40'),
(188, 4, '2024-05-02', 7, 11, '29'),
(189, 4, '2024-05-02', 8, 11, '29'),
(190, 4, '2024-05-03', 1, 4, '40'),
(191, 4, '2024-05-03', 2, 4, '40'),
(192, 4, '2024-05-03', 3, 10, '29'),
(193, 4, '2024-05-03', 4, 2, '117'),
(194, 4, '2024-05-03', 5, 2, '117'),
(195, 4, '2024-05-03', 6, 1, '117'),
(196, 4, '2024-05-03', 7, 6, '202'),
(197, 1, '2024-05-06', 1, 7, '29'),
(198, 1, '2024-05-06', 2, 7, '29'),
(199, 1, '2024-05-06', 3, 8, '28'),
(200, 1, '2024-05-06', 4, 8, '28'),
(201, 1, '2024-05-06', 5, 8, '28'),
(202, 1, '2024-05-06', 6, 8, '28'),
(203, 1, '2024-05-07', 1, 5, '15'),
(204, 1, '2024-05-07', 2, 7, '107'),
(205, 1, '2024-05-07', 3, 9, '114'),
(206, 1, '2024-05-07', 4, 9, '114'),
(207, 1, '2024-05-07', 5, 9, '114'),
(208, 1, '2024-05-07', 6, 12, '211'),
(209, 1, '2024-05-07', 7, 12, '211'),
(210, 1, '2024-05-08', 3, 10, '113'),
(211, 1, '2024-05-08', 4, 10, '113'),
(212, 1, '2024-05-08', 5, 10, '113'),
(213, 1, '2024-05-08', 6, 10, '113'),
(214, 1, '2024-05-08', 7, 9, '114'),
(215, 1, '2024-05-08', 8, 9, '114'),
(216, 1, '2024-05-09', 2, 12, '211'),
(217, 1, '2024-05-09', 3, 12, '211'),
(218, 1, '2024-05-09', 4, 7, '105'),
(219, 1, '2024-05-09', 5, 5, '15'),
(220, 2, '2024-05-07', 1, 10, '113'),
(221, 2, '2024-05-07', 2, 10, '113'),
(222, 2, '2024-05-07', 3, 10, '113'),
(223, 2, '2024-05-07', 4, 10, '113'),
(224, 2, '2024-05-07', 5, 6, '105'),
(225, 2, '2024-05-08', 1, 10, '113'),
(226, 2, '2024-05-08', 2, 10, '113'),
(227, 2, '2024-05-08', 5, 5, '15'),
(228, 2, '2024-05-08', 3, 9, '114'),
(229, 2, '2024-05-08', 4, 9, '114'),
(230, 2, '2024-05-09', 1, 7, '29'),
(231, 2, '2024-05-09', 2, 6, '102'),
(232, 2, '2024-05-09', 3, 5, '209'),
(233, 2, '2024-05-09', 4, 5, '209'),
(234, 2, '2024-05-09', 5, 12, '212'),
(235, 2, '2024-05-09', 6, 12, '212'),
(236, 2, '2024-05-10', 3, 9, '114'),
(237, 2, '2024-05-10', 4, 9, '114'),
(238, 2, '2024-05-10', 5, 9, '114'),
(239, 2, '2024-05-10', 6, 9, '114'),
(240, 2, '2024-05-10', 7, 10, '112'),
(241, 3, '2024-05-06', 1, 9, '114'),
(242, 3, '2024-05-06', 2, 9, '114'),
(243, 3, '2024-05-06', 3, 9, '114'),
(244, 3, '2024-05-06', 4, 9, '114'),
(245, 3, '2024-05-06', 5, 6, '102'),
(246, 3, '2024-05-06', 6, 6, '102'),
(247, 3, '2024-05-08', 1, 5, '29'),
(248, 3, '2024-05-08', 2, 5, '29'),
(249, 3, '2024-05-08', 3, 7, '15'),
(250, 3, '2024-05-08', 4, 7, '15'),
(251, 3, '2024-05-08', 5, 9, '114'),
(252, 3, '2024-05-08', 6, 9, '114'),
(253, 3, '2024-05-09', 3, 13, '15'),
(254, 3, '2024-05-09', 4, 13, '15'),
(255, 3, '2024-05-09', 5, 10, '113'),
(256, 3, '2024-05-09', 6, 10, '113'),
(257, 3, '2024-05-10', 1, 12, '212'),
(258, 3, '2024-05-10', 2, 12, '212'),
(259, 3, '2024-05-10', 3, 12, '212'),
(260, 3, '2024-05-10', 4, 12, '212'),
(261, 3, '2024-05-10', 5, 12, '212'),
(262, 3, '2024-05-10', 6, 12, '212'),
(263, 4, '2024-05-06', 1, 11, '209'),
(264, 4, '2024-05-06', 2, 3, '40'),
(265, 4, '2024-05-06', 3, 3, '40'),
(266, 4, '2024-05-06', 4, 3, '40'),
(267, 4, '2024-05-06', 5, 4, '40'),
(268, 4, '2024-05-06', 6, 4, '40'),
(269, 4, '2024-05-07', 1, 2, '117'),
(270, 4, '2024-05-07', 2, 2, '117'),
(271, 4, '2024-05-07', 3, 6, '211'),
(272, 4, '2024-05-07', 4, 2, '117'),
(273, 4, '2024-05-07', 5, 2, '117'),
(274, 4, '2024-05-08', 3, 3, '40'),
(275, 4, '2024-05-08', 4, 3, '40'),
(276, 4, '2024-05-08', 5, 4, '40'),
(277, 4, '2024-05-08', 6, 4, '40'),
(278, 4, '2024-05-08', 7, 1, '117'),
(279, 4, '2024-05-08', 8, 1, '117'),
(280, 4, '2024-05-09', 1, 1, '117'),
(281, 4, '2024-05-09', 2, 1, '117'),
(282, 4, '2024-05-09', 3, 4, '40'),
(283, 4, '2024-05-09', 4, 4, '40'),
(284, 4, '2024-05-09', 5, 3, '40'),
(285, 4, '2024-05-09', 6, 3, '40'),
(286, 4, '2024-05-09', 7, 11, '29'),
(287, 4, '2024-05-09', 8, 11, '29'),
(288, 4, '2024-05-10', 1, 4, '40'),
(289, 4, '2024-05-10', 2, 4, '40'),
(290, 4, '2024-05-10', 3, 10, '29'),
(291, 4, '2024-05-10', 4, 2, '117'),
(292, 4, '2024-05-10', 5, 2, '117'),
(293, 4, '2024-05-10', 6, 1, '117'),
(294, 4, '2024-05-10', 7, 6, '202'),
(295, 1, '2024-05-13', 1, 7, '29'),
(296, 1, '2024-05-13', 2, 7, '29'),
(297, 1, '2024-05-13', 3, 8, '28'),
(298, 1, '2024-05-13', 4, 8, '28'),
(299, 1, '2024-05-13', 5, 8, '28'),
(300, 1, '2024-05-13', 6, 8, '28'),
(301, 1, '2024-05-14', 1, 5, '15'),
(302, 1, '2024-05-14', 2, 7, '107'),
(303, 1, '2024-05-14', 3, 9, '114'),
(304, 1, '2024-05-14', 4, 9, '114'),
(305, 1, '2024-05-14', 5, 9, '114'),
(306, 1, '2024-05-14', 6, 12, '211'),
(307, 1, '2024-05-14', 7, 12, '211'),
(308, 1, '2024-05-15', 3, 10, '113'),
(309, 1, '2024-05-15', 4, 10, '113'),
(310, 1, '2024-05-15', 5, 10, '113'),
(311, 1, '2024-05-15', 6, 10, '113'),
(312, 1, '2024-05-15', 7, 9, '114'),
(313, 1, '2024-05-15', 8, 9, '114'),
(314, 1, '2024-05-16', 2, 12, '211'),
(315, 1, '2024-05-16', 3, 12, '211'),
(316, 1, '2024-05-16', 4, 7, '105'),
(317, 1, '2024-05-16', 5, 5, '15'),
(318, 2, '2024-05-14', 1, 10, '113'),
(319, 2, '2024-05-14', 2, 10, '113'),
(320, 2, '2024-05-14', 3, 10, '113'),
(321, 2, '2024-05-14', 4, 10, '113'),
(322, 2, '2024-05-14', 5, 6, '105'),
(323, 2, '2024-05-15', 1, 10, '113'),
(324, 2, '2024-05-15', 2, 10, '113'),
(325, 2, '2024-05-15', 5, 5, '15'),
(326, 2, '2024-05-15', 3, 9, '114'),
(327, 2, '2024-05-15', 4, 9, '114'),
(328, 2, '2024-05-16', 1, 7, '29'),
(329, 2, '2024-05-16', 2, 6, '102'),
(330, 2, '2024-05-16', 3, 5, '209'),
(331, 2, '2024-05-16', 4, 5, '209'),
(332, 2, '2024-05-16', 5, 12, '212'),
(333, 2, '2024-05-16', 6, 12, '212'),
(334, 2, '2024-05-17', 3, 9, '114'),
(335, 2, '2024-05-17', 4, 9, '114'),
(336, 2, '2024-05-17', 5, 9, '114'),
(337, 2, '2024-05-17', 6, 9, '114'),
(338, 2, '2024-05-17', 7, 10, '112'),
(339, 3, '2024-05-13', 1, 9, '114'),
(340, 3, '2024-05-13', 2, 9, '114'),
(341, 3, '2024-05-13', 3, 9, '114'),
(342, 3, '2024-05-13', 4, 9, '114'),
(343, 3, '2024-05-13', 5, 6, '102'),
(344, 3, '2024-05-13', 6, 6, '102'),
(345, 3, '2024-05-15', 1, 5, '29'),
(346, 3, '2024-05-15', 2, 5, '29'),
(347, 3, '2024-05-15', 3, 7, '15'),
(348, 3, '2024-05-15', 4, 7, '15'),
(349, 3, '2024-05-15', 5, 9, '114'),
(350, 3, '2024-05-15', 6, 9, '114'),
(351, 3, '2024-05-16', 3, 13, '15'),
(352, 3, '2024-05-16', 4, 13, '15'),
(353, 3, '2024-05-16', 5, 10, '113'),
(354, 3, '2024-05-16', 6, 10, '113'),
(355, 3, '2024-05-17', 1, 12, '212'),
(356, 3, '2024-05-17', 2, 12, '212'),
(357, 3, '2024-05-17', 3, 12, '212'),
(358, 3, '2024-05-17', 4, 12, '212'),
(359, 3, '2024-05-17', 5, 12, '212'),
(360, 3, '2024-05-17', 6, 12, '212'),
(361, 4, '2024-05-13', 1, 11, '209'),
(362, 4, '2024-05-13', 2, 3, '40'),
(363, 4, '2024-05-13', 3, 3, '40'),
(364, 4, '2024-05-13', 4, 3, '40'),
(365, 4, '2024-05-13', 5, 4, '40'),
(366, 4, '2024-05-13', 6, 4, '40'),
(367, 4, '2024-05-14', 1, 2, '117'),
(368, 4, '2024-05-14', 2, 2, '117'),
(369, 4, '2024-05-14', 3, 6, '211'),
(370, 4, '2024-05-14', 4, 2, '117'),
(371, 4, '2024-05-14', 5, 2, '117'),
(372, 4, '2024-05-15', 3, 3, '40'),
(373, 4, '2024-05-15', 4, 3, '40'),
(374, 4, '2024-05-15', 5, 4, '40'),
(375, 4, '2024-05-15', 6, 4, '40'),
(376, 4, '2024-05-15', 7, 1, '117'),
(377, 4, '2024-05-15', 8, 1, '117'),
(378, 4, '2024-05-16', 1, 1, '117'),
(379, 4, '2024-05-16', 2, 1, '117'),
(380, 4, '2024-05-16', 3, 4, '40'),
(381, 4, '2024-05-16', 4, 4, '40'),
(382, 4, '2024-05-16', 5, 3, '40'),
(383, 4, '2024-05-16', 6, 3, '40'),
(384, 4, '2024-05-16', 7, 11, '29'),
(385, 4, '2024-05-16', 8, 11, '29'),
(386, 4, '2024-05-17', 1, 4, '40'),
(387, 4, '2024-05-17', 2, 4, '40'),
(388, 4, '2024-05-17', 3, 10, '29'),
(389, 4, '2024-05-17', 4, 2, '117'),
(390, 4, '2024-05-17', 5, 2, '117'),
(391, 4, '2024-05-17', 6, 1, '117'),
(392, 4, '2024-05-17', 7, 6, '202'),
(393, 1, '2024-05-20', 1, 7, '29'),
(394, 1, '2024-05-20', 2, 7, '29'),
(395, 1, '2024-05-20', 3, 8, '28'),
(396, 1, '2024-05-20', 4, 8, '28'),
(397, 1, '2024-05-20', 5, 8, '28'),
(398, 1, '2024-05-20', 6, 8, '28'),
(399, 1, '2024-05-21', 1, 5, '15'),
(400, 1, '2024-05-21', 2, 7, '107'),
(401, 1, '2024-05-21', 3, 9, '114'),
(402, 1, '2024-05-21', 4, 9, '114'),
(403, 1, '2024-05-21', 5, 9, '114'),
(404, 1, '2024-05-21', 6, 12, '211'),
(405, 1, '2024-05-21', 7, 12, '211'),
(406, 1, '2024-05-22', 3, 10, '113'),
(407, 1, '2024-05-22', 4, 10, '113'),
(408, 1, '2024-05-22', 5, 10, '113'),
(409, 1, '2024-05-22', 6, 10, '113'),
(410, 1, '2024-05-22', 7, 9, '114'),
(411, 1, '2024-05-22', 8, 9, '114'),
(412, 1, '2024-05-23', 2, 12, '211'),
(413, 1, '2024-05-23', 3, 12, '211'),
(414, 1, '2024-05-23', 4, 7, '105'),
(415, 1, '2024-05-23', 5, 5, '15'),
(416, 2, '2024-05-21', 1, 10, '113'),
(417, 2, '2024-05-21', 2, 10, '113'),
(418, 2, '2024-05-21', 3, 10, '113'),
(419, 2, '2024-05-21', 4, 10, '113'),
(420, 2, '2024-05-21', 5, 6, '105'),
(421, 2, '2024-05-22', 1, 10, '113'),
(422, 2, '2024-05-22', 2, 10, '113'),
(423, 2, '2024-05-22', 5, 5, '15'),
(424, 2, '2024-05-22', 3, 9, '114'),
(425, 2, '2024-05-22', 4, 9, '114'),
(426, 2, '2024-05-23', 1, 7, '29'),
(427, 2, '2024-05-23', 2, 6, '102'),
(428, 2, '2024-05-23', 3, 5, '209'),
(429, 2, '2024-05-23', 4, 5, '209'),
(430, 2, '2024-05-23', 5, 12, '212'),
(431, 2, '2024-05-23', 6, 12, '212'),
(432, 2, '2024-05-24', 3, 9, '114'),
(433, 2, '2024-05-24', 4, 9, '114'),
(434, 2, '2024-05-24', 5, 9, '114'),
(435, 2, '2024-05-24', 6, 9, '114'),
(436, 2, '2024-05-24', 7, 10, '112'),
(437, 3, '2024-05-20', 1, 9, '114'),
(438, 3, '2024-05-20', 2, 9, '114'),
(439, 3, '2024-05-20', 3, 9, '114'),
(440, 3, '2024-05-20', 4, 9, '114'),
(441, 3, '2024-05-20', 5, 6, '102'),
(442, 3, '2024-05-20', 6, 6, '102'),
(443, 3, '2024-05-22', 1, 5, '29'),
(444, 3, '2024-05-22', 2, 5, '29'),
(445, 3, '2024-05-22', 3, 7, '15'),
(446, 3, '2024-05-22', 4, 7, '15'),
(447, 3, '2024-05-22', 5, 9, '114'),
(448, 3, '2024-05-22', 6, 9, '114'),
(449, 3, '2024-05-23', 3, 13, '15'),
(450, 3, '2024-05-23', 4, 13, '15'),
(451, 3, '2024-05-23', 5, 10, '113'),
(452, 3, '2024-05-23', 6, 10, '113'),
(453, 3, '2024-05-24', 1, 12, '212'),
(454, 3, '2024-05-24', 2, 12, '212'),
(455, 3, '2024-05-24', 3, 12, '212'),
(456, 3, '2024-05-24', 4, 12, '212'),
(457, 3, '2024-05-24', 5, 12, '212'),
(458, 3, '2024-05-24', 6, 12, '212'),
(459, 4, '2024-05-20', 1, 11, '209'),
(460, 4, '2024-05-20', 2, 3, '40'),
(461, 4, '2024-05-20', 3, 3, '40'),
(462, 4, '2024-05-20', 4, 3, '40'),
(463, 4, '2024-05-20', 5, 4, '40'),
(464, 4, '2024-05-20', 6, 4, '40'),
(465, 4, '2024-05-21', 1, 2, '117'),
(466, 4, '2024-05-21', 2, 2, '117'),
(467, 4, '2024-05-21', 3, 6, '211'),
(468, 4, '2024-05-21', 4, 2, '117'),
(469, 4, '2024-05-21', 5, 2, '117'),
(470, 4, '2024-05-22', 3, 3, '40'),
(471, 4, '2024-05-22', 4, 3, '40'),
(472, 4, '2024-05-22', 5, 4, '40'),
(473, 4, '2024-05-22', 6, 4, '40'),
(474, 4, '2024-05-22', 7, 1, '117'),
(475, 4, '2024-05-22', 8, 1, '117'),
(476, 4, '2024-05-23', 1, 1, '117'),
(477, 4, '2024-05-23', 2, 1, '117'),
(478, 4, '2024-05-23', 3, 4, '40'),
(479, 4, '2024-05-23', 4, 4, '40'),
(480, 4, '2024-05-23', 5, 3, '40'),
(481, 4, '2024-05-23', 6, 3, '40'),
(482, 4, '2024-05-23', 7, 11, '29'),
(483, 4, '2024-05-23', 8, 11, '29'),
(484, 4, '2024-05-24', 1, 4, '40'),
(485, 4, '2024-05-24', 2, 4, '40'),
(486, 4, '2024-05-24', 3, 10, '29'),
(487, 4, '2024-05-24', 4, 2, '117'),
(488, 4, '2024-05-24', 5, 2, '117'),
(489, 4, '2024-05-24', 6, 1, '117'),
(490, 4, '2024-05-24', 7, 6, '202'),
(491, 1, '2024-05-27', 1, 7, '29'),
(492, 1, '2024-05-27', 2, 7, '29'),
(493, 1, '2024-05-27', 3, 8, '28'),
(494, 1, '2024-05-27', 4, 8, '28'),
(495, 1, '2024-05-27', 5, 8, '28'),
(496, 1, '2024-05-27', 6, 8, '28'),
(497, 1, '2024-05-28', 1, 5, '15'),
(498, 1, '2024-05-28', 2, 7, '107'),
(499, 1, '2024-05-28', 3, 9, '114'),
(500, 1, '2024-05-28', 4, 9, '114'),
(501, 1, '2024-05-28', 5, 9, '114'),
(502, 1, '2024-05-28', 6, 12, '211'),
(503, 1, '2024-05-28', 7, 12, '211'),
(504, 1, '2024-05-29', 3, 10, '113'),
(505, 1, '2024-05-29', 4, 10, '113'),
(506, 1, '2024-05-29', 5, 10, '113'),
(507, 1, '2024-05-29', 6, 10, '113'),
(508, 1, '2024-05-29', 7, 9, '114'),
(509, 1, '2024-05-29', 8, 9, '114'),
(510, 1, '2024-05-30', 2, 12, '211'),
(511, 1, '2024-05-30', 3, 12, '211'),
(512, 1, '2024-05-30', 4, 7, '105'),
(513, 1, '2024-05-30', 5, 5, '15'),
(514, 2, '2024-05-28', 1, 10, '113'),
(515, 2, '2024-05-28', 2, 10, '113'),
(516, 2, '2024-05-28', 3, 10, '113'),
(517, 2, '2024-05-28', 4, 10, '113'),
(518, 2, '2024-05-28', 5, 6, '105'),
(519, 2, '2024-05-29', 1, 10, '113'),
(520, 2, '2024-05-29', 2, 10, '113'),
(521, 2, '2024-05-29', 5, 5, '15'),
(522, 2, '2024-05-29', 3, 9, '114'),
(523, 2, '2024-05-29', 4, 9, '114'),
(524, 2, '2024-05-30', 1, 7, '29'),
(525, 2, '2024-05-30', 2, 6, '102'),
(526, 2, '2024-05-30', 3, 5, '209'),
(527, 2, '2024-05-30', 4, 5, '209'),
(528, 2, '2024-05-30', 5, 12, '212'),
(529, 2, '2024-05-30', 6, 12, '212'),
(530, 2, '2024-05-31', 3, 9, '114'),
(531, 2, '2024-05-31', 4, 9, '114'),
(532, 2, '2024-05-31', 5, 9, '114'),
(533, 2, '2024-05-31', 6, 9, '114'),
(534, 2, '2024-05-31', 7, 10, '112'),
(535, 3, '2024-05-27', 1, 9, '114'),
(536, 3, '2024-05-27', 2, 9, '114'),
(537, 3, '2024-05-27', 3, 9, '114'),
(538, 3, '2024-05-27', 4, 9, '114'),
(539, 3, '2024-05-27', 5, 6, '102'),
(540, 3, '2024-05-27', 6, 6, '102'),
(541, 3, '2024-05-29', 1, 5, '29'),
(542, 3, '2024-05-29', 2, 5, '29'),
(543, 3, '2024-05-29', 3, 7, '15'),
(544, 3, '2024-05-29', 4, 7, '15'),
(545, 3, '2024-05-29', 5, 9, '114'),
(546, 3, '2024-05-29', 6, 9, '114'),
(547, 3, '2024-05-30', 3, 13, '15'),
(548, 3, '2024-05-30', 4, 13, '15'),
(549, 3, '2024-05-30', 5, 10, '113'),
(550, 3, '2024-05-30', 6, 10, '113'),
(551, 3, '2024-05-31', 1, 12, '212'),
(552, 3, '2024-05-31', 2, 12, '212'),
(553, 3, '2024-05-31', 3, 12, '212'),
(554, 3, '2024-05-31', 4, 12, '212'),
(555, 3, '2024-05-31', 5, 12, '212'),
(556, 3, '2024-05-31', 6, 12, '212'),
(557, 4, '2024-05-27', 1, 11, '209'),
(558, 4, '2024-05-27', 2, 3, '40'),
(559, 4, '2024-05-27', 3, 3, '40'),
(560, 4, '2024-05-27', 4, 3, '40'),
(561, 4, '2024-05-27', 5, 4, '40'),
(562, 4, '2024-05-27', 6, 4, '40'),
(563, 4, '2024-05-28', 1, 2, '117'),
(564, 4, '2024-05-28', 2, 2, '117'),
(565, 4, '2024-05-28', 3, 6, '211'),
(566, 4, '2024-05-28', 4, 2, '117'),
(567, 4, '2024-05-28', 5, 2, '117'),
(568, 4, '2024-05-29', 3, 3, '40'),
(569, 4, '2024-05-29', 4, 3, '40'),
(570, 4, '2024-05-29', 5, 4, '40'),
(571, 4, '2024-05-29', 6, 4, '40'),
(572, 4, '2024-05-29', 7, 1, '117'),
(573, 4, '2024-05-29', 8, 1, '117'),
(574, 4, '2024-05-30', 1, 1, '117'),
(575, 4, '2024-05-30', 2, 1, '117'),
(576, 4, '2024-05-30', 3, 4, '40'),
(577, 4, '2024-05-30', 4, 4, '40'),
(578, 4, '2024-05-30', 5, 3, '40'),
(579, 4, '2024-05-30', 6, 3, '40'),
(580, 4, '2024-05-30', 7, 11, '29'),
(581, 4, '2024-05-30', 8, 11, '29'),
(582, 4, '2024-05-31', 1, 4, '40'),
(583, 4, '2024-05-31', 2, 4, '40'),
(584, 4, '2024-05-31', 3, 10, '29'),
(585, 4, '2024-05-31', 4, 2, '117'),
(586, 4, '2024-05-31', 5, 2, '117'),
(587, 4, '2024-05-31', 6, 1, '117'),
(588, 4, '2024-05-31', 7, 6, '202'),
(589, 1, '2024-06-03', 1, 7, '29'),
(590, 1, '2024-06-03', 2, 7, '29'),
(591, 1, '2024-06-03', 3, 8, '28'),
(592, 1, '2024-06-03', 4, 8, '28'),
(593, 1, '2024-06-03', 5, 8, '28'),
(594, 1, '2024-06-03', 6, 8, '28'),
(595, 1, '2024-06-04', 1, 5, '15'),
(596, 1, '2024-06-04', 2, 7, '107'),
(597, 1, '2024-06-04', 3, 9, '114'),
(598, 1, '2024-06-04', 4, 9, '114'),
(599, 1, '2024-06-04', 5, 9, '114'),
(600, 1, '2024-06-04', 6, 12, '211'),
(601, 1, '2024-06-04', 7, 12, '211'),
(602, 1, '2024-06-05', 3, 10, '113'),
(603, 1, '2024-06-05', 4, 10, '113'),
(604, 1, '2024-06-05', 5, 10, '113'),
(605, 1, '2024-06-05', 6, 10, '113'),
(606, 1, '2024-06-05', 7, 9, '114'),
(607, 1, '2024-06-05', 8, 9, '114'),
(608, 1, '2024-06-06', 2, 12, '211'),
(609, 1, '2024-06-06', 3, 12, '211'),
(610, 1, '2024-06-06', 4, 7, '105'),
(611, 1, '2024-06-06', 5, 5, '15'),
(612, 2, '2024-06-04', 1, 10, '113'),
(613, 2, '2024-06-04', 2, 10, '113'),
(614, 2, '2024-06-04', 3, 10, '113'),
(615, 2, '2024-06-04', 4, 10, '113'),
(616, 2, '2024-06-04', 5, 6, '105'),
(617, 2, '2024-06-05', 1, 10, '113'),
(618, 2, '2024-06-05', 2, 10, '113'),
(619, 2, '2024-06-05', 5, 5, '15'),
(620, 2, '2024-06-05', 3, 9, '114'),
(621, 2, '2024-06-05', 4, 9, '114'),
(622, 2, '2024-06-06', 1, 7, '29'),
(623, 2, '2024-06-06', 2, 6, '102'),
(624, 2, '2024-06-06', 3, 5, '209'),
(625, 2, '2024-06-06', 4, 5, '209'),
(626, 2, '2024-06-06', 5, 12, '212'),
(627, 2, '2024-06-06', 6, 12, '212'),
(628, 2, '2024-06-07', 3, 9, '114'),
(629, 2, '2024-06-07', 4, 9, '114'),
(630, 2, '2024-06-07', 5, 9, '114'),
(631, 2, '2024-06-07', 6, 9, '114'),
(632, 2, '2024-06-07', 7, 10, '112'),
(633, 3, '2024-06-03', 1, 9, '114'),
(634, 3, '2024-06-03', 2, 9, '114'),
(635, 3, '2024-06-03', 3, 9, '114'),
(636, 3, '2024-06-03', 4, 9, '114'),
(637, 3, '2024-06-03', 5, 6, '102'),
(638, 3, '2024-06-03', 6, 6, '102'),
(639, 3, '2024-06-05', 1, 5, '29'),
(640, 3, '2024-06-05', 2, 5, '29'),
(641, 3, '2024-06-05', 3, 7, '15'),
(642, 3, '2024-06-05', 4, 7, '15'),
(643, 3, '2024-06-05', 5, 9, '114'),
(644, 3, '2024-06-05', 6, 9, '114'),
(645, 3, '2024-06-06', 3, 13, '15'),
(646, 3, '2024-06-06', 4, 13, '15'),
(647, 3, '2024-06-06', 5, 10, '113'),
(648, 3, '2024-06-06', 6, 10, '113'),
(649, 3, '2024-06-07', 1, 12, '212'),
(650, 3, '2024-06-07', 2, 12, '212'),
(651, 3, '2024-06-07', 3, 12, '212'),
(652, 3, '2024-06-07', 4, 12, '212'),
(653, 3, '2024-06-07', 5, 12, '212'),
(654, 3, '2024-06-07', 6, 12, '212'),
(655, 4, '2024-06-03', 1, 11, '209'),
(656, 4, '2024-06-03', 2, 3, '40'),
(657, 4, '2024-06-03', 3, 3, '40'),
(658, 4, '2024-06-03', 4, 3, '40'),
(659, 4, '2024-06-03', 5, 4, '40'),
(660, 4, '2024-06-03', 6, 4, '40'),
(661, 4, '2024-06-04', 1, 2, '117'),
(662, 4, '2024-06-04', 2, 2, '117'),
(663, 4, '2024-06-04', 3, 6, '211'),
(664, 4, '2024-06-04', 4, 2, '117'),
(665, 4, '2024-06-04', 5, 2, '117'),
(666, 4, '2024-06-05', 3, 3, '40'),
(667, 4, '2024-06-05', 4, 3, '40'),
(668, 4, '2024-06-05', 5, 4, '40'),
(669, 4, '2024-06-05', 6, 4, '40'),
(670, 4, '2024-06-05', 7, 1, '117'),
(671, 4, '2024-06-05', 8, 1, '117'),
(672, 4, '2024-06-06', 1, 1, '117'),
(673, 4, '2024-06-06', 2, 1, '117'),
(674, 4, '2024-06-06', 3, 4, '40'),
(675, 4, '2024-06-06', 4, 4, '40'),
(676, 4, '2024-06-06', 5, 3, '40'),
(677, 4, '2024-06-06', 6, 3, '40'),
(678, 4, '2024-06-06', 7, 11, '29'),
(679, 4, '2024-06-06', 8, 11, '29'),
(680, 4, '2024-06-07', 1, 4, '40'),
(681, 4, '2024-06-07', 2, 4, '40'),
(682, 4, '2024-06-07', 3, 10, '29'),
(683, 4, '2024-06-07', 4, 2, '117'),
(684, 4, '2024-06-07', 5, 2, '117'),
(685, 4, '2024-06-07', 6, 1, '117'),
(686, 4, '2024-06-07', 7, 6, '202'),
(687, 1, '2024-06-10', 1, 7, '29'),
(688, 1, '2024-06-10', 2, 7, '29'),
(689, 1, '2024-06-10', 3, 8, '28'),
(690, 1, '2024-06-10', 4, 8, '28'),
(691, 1, '2024-06-10', 5, 8, '28'),
(692, 1, '2024-06-10', 6, 8, '28'),
(693, 1, '2024-06-11', 1, 5, '15'),
(694, 1, '2024-06-11', 2, 7, '107'),
(695, 1, '2024-06-11', 3, 9, '114'),
(696, 1, '2024-06-11', 4, 9, '114'),
(697, 1, '2024-06-11', 5, 9, '114'),
(698, 1, '2024-06-11', 6, 12, '211'),
(699, 1, '2024-06-11', 7, 12, '211'),
(700, 1, '2024-06-12', 3, 10, '113'),
(701, 1, '2024-06-12', 4, 10, '113'),
(702, 1, '2024-06-12', 5, 10, '113'),
(703, 1, '2024-06-12', 6, 10, '113'),
(704, 1, '2024-06-12', 7, 9, '114'),
(705, 1, '2024-06-12', 8, 9, '114'),
(706, 1, '2024-06-13', 2, 12, '211'),
(707, 1, '2024-06-13', 3, 12, '211'),
(708, 1, '2024-06-13', 4, 7, '105'),
(709, 1, '2024-06-13', 5, 5, '15'),
(710, 2, '2024-06-11', 1, 10, '113'),
(711, 2, '2024-06-11', 2, 10, '113'),
(712, 2, '2024-06-11', 3, 10, '113'),
(713, 2, '2024-06-11', 4, 10, '113'),
(714, 2, '2024-06-11', 5, 6, '105'),
(715, 2, '2024-06-12', 1, 10, '113'),
(716, 2, '2024-06-12', 2, 10, '113'),
(717, 2, '2024-06-12', 5, 5, '15'),
(718, 2, '2024-06-12', 3, 9, '114'),
(719, 2, '2024-06-12', 4, 9, '114'),
(720, 2, '2024-06-13', 1, 7, '29'),
(721, 2, '2024-06-13', 2, 6, '102'),
(722, 2, '2024-06-13', 3, 5, '209'),
(723, 2, '2024-06-13', 4, 5, '209'),
(724, 2, '2024-06-13', 5, 12, '212'),
(725, 2, '2024-06-13', 6, 12, '212'),
(726, 2, '2024-06-14', 3, 9, '114'),
(727, 2, '2024-06-14', 4, 9, '114'),
(728, 2, '2024-06-14', 5, 9, '114'),
(729, 2, '2024-06-14', 6, 9, '114'),
(730, 2, '2024-06-14', 7, 10, '112'),
(731, 3, '2024-06-10', 1, 9, '114'),
(732, 3, '2024-06-10', 2, 9, '114'),
(733, 3, '2024-06-10', 3, 9, '114'),
(734, 3, '2024-06-10', 4, 9, '114'),
(735, 3, '2024-06-10', 5, 6, '102'),
(736, 3, '2024-06-10', 6, 6, '102'),
(737, 3, '2024-06-12', 1, 5, '29'),
(738, 3, '2024-06-12', 2, 5, '29'),
(739, 3, '2024-06-12', 3, 7, '15'),
(740, 3, '2024-06-12', 4, 7, '15'),
(741, 3, '2024-06-12', 5, 9, '114'),
(742, 3, '2024-06-12', 6, 9, '114'),
(743, 3, '2024-06-13', 3, 13, '15'),
(744, 3, '2024-06-13', 4, 13, '15'),
(745, 3, '2024-06-13', 5, 10, '113'),
(746, 3, '2024-06-13', 6, 10, '113'),
(747, 3, '2024-06-14', 1, 12, '212'),
(748, 3, '2024-06-14', 2, 12, '212'),
(749, 3, '2024-06-14', 3, 12, '212'),
(750, 3, '2024-06-14', 4, 12, '212'),
(751, 3, '2024-06-14', 5, 12, '212'),
(752, 3, '2024-06-14', 6, 12, '212'),
(753, 4, '2024-06-10', 1, 11, '209'),
(754, 4, '2024-06-10', 2, 3, '40'),
(755, 4, '2024-06-10', 3, 3, '40'),
(756, 4, '2024-06-10', 4, 3, '40'),
(757, 4, '2024-06-10', 5, 4, '40'),
(758, 4, '2024-06-10', 6, 4, '40'),
(759, 4, '2024-06-11', 1, 2, '117'),
(760, 4, '2024-06-11', 2, 2, '117'),
(761, 4, '2024-06-11', 3, 6, '211'),
(762, 4, '2024-06-11', 4, 2, '117'),
(763, 4, '2024-06-11', 5, 2, '117'),
(764, 4, '2024-06-12', 3, 3, '40'),
(765, 4, '2024-06-12', 4, 3, '40'),
(766, 4, '2024-06-12', 5, 4, '40'),
(767, 4, '2024-06-12', 6, 4, '40'),
(768, 4, '2024-06-12', 7, 1, '117'),
(769, 4, '2024-06-12', 8, 1, '117'),
(770, 4, '2024-06-13', 1, 1, '117'),
(771, 4, '2024-06-13', 2, 1, '117'),
(772, 4, '2024-06-13', 3, 4, '40'),
(773, 4, '2024-06-13', 4, 4, '40'),
(774, 4, '2024-06-13', 5, 3, '40'),
(775, 4, '2024-06-13', 6, 3, '40'),
(776, 4, '2024-06-13', 7, 11, '29'),
(777, 4, '2024-06-13', 8, 11, '29'),
(778, 4, '2024-06-14', 1, 4, '40'),
(779, 4, '2024-06-14', 2, 4, '40'),
(780, 4, '2024-06-14', 3, 10, '29'),
(781, 4, '2024-06-14', 4, 2, '117'),
(782, 4, '2024-06-14', 5, 2, '117'),
(783, 4, '2024-06-14', 6, 1, '117'),
(784, 4, '2024-06-14', 7, 6, '202');

-- --------------------------------------------------------

--
-- Tábla szerkezet ehhez a táblához `osztalyok`
--

CREATE TABLE `osztalyok` (
  `oszt_id` int(11) NOT NULL,
  `oszt_nev` varchar(45) NOT NULL,
  `tanar_id` int(11) NOT NULL
) ENGINE=InnoDB DEFAULT CHARSET=utf8 COLLATE=utf8_hungarian_ci;

--
-- A tábla adatainak kiíratása `osztalyok`
--

INSERT INTO `osztalyok` (`oszt_id`, `oszt_nev`, `tanar_id`) VALUES
(1, '1A', 2),
(2, '2A', 3),
(3, '3A', 4),
(4, '4A', 5);

-- --------------------------------------------------------

--
-- Tábla szerkezet ehhez a táblához `tanarok`
--

CREATE TABLE `tanarok` (
  `tanar_id` int(11) NOT NULL,
  `tanar_nev` varchar(45) NOT NULL,
  `fel_id` int(11) NOT NULL
) ENGINE=InnoDB DEFAULT CHARSET=utf8 COLLATE=utf8_hungarian_ci;

--
-- A tábla adatainak kiíratása `tanarok`
--

INSERT INTO `tanarok` (`tanar_id`, `tanar_nev`, `fel_id`) VALUES
(1, 'Admin János', 1),
(2, 'Somogyi Emese', 2),
(3, 'Horváth Adrián', 3),
(4, 'Wincs Eszter', 4),
(5, 'Koaxk Ábel', 5),
(6, 'Krump Lee', 14),
(7, 'Külö Nóra', 15),
(8, 'Happy Endre', 16);

-- --------------------------------------------------------

--
-- Tábla szerkezet ehhez a táblához `tanitott`
--

CREATE TABLE `tanitott` (
  `tanit_id` int(11) NOT NULL,
  `tanar_id` int(11) NOT NULL,
  `tant_id` int(11) NOT NULL
) ENGINE=InnoDB DEFAULT CHARSET=utf8 COLLATE=utf8_hungarian_ci;

--
-- A tábla adatainak kiíratása `tanitott`
--

INSERT INTO `tanitott` (`tanit_id`, `tanar_id`, `tant_id`) VALUES
(1, 2, 1),
(2, 2, 2),
(3, 3, 3),
(4, 3, 4),
(5, 4, 5),
(6, 4, 6),
(7, 5, 7),
(8, 5, 8),
(9, 6, 9),
(10, 7, 10),
(11, 2, 12),
(12, 5, 11),
(13, 8, 13);

-- --------------------------------------------------------

--
-- Tábla szerkezet ehhez a táblához `tantargyak`
--

CREATE TABLE `tantargyak` (
  `tant_id` int(11) NOT NULL,
  `tant_nev` varchar(45) NOT NULL
) ENGINE=InnoDB DEFAULT CHARSET=utf8 COLLATE=utf8_hungarian_ci;

--
-- A tábla adatainak kiíratása `tantargyak`
--

INSERT INTO `tantargyak` (`tant_id`, `tant_nev`) VALUES
(1, 'Adatbázis kezelés'),
(2, 'Programozás gyakorlat'),
(3, 'Frontend programozás'),
(4, 'Backend programozás'),
(5, 'IT alapok elmélet'),
(6, 'Szakmai angol'),
(7, 'Hálózatismeret elmélet'),
(8, 'Hálózatismeret gyakorlat'),
(9, 'Angol nyelv'),
(10, 'Német nyelv'),
(11, 'Matematika'),
(12, 'Szoftvertesztelés'),
(13, 'Digitális kultúra');

-- --------------------------------------------------------

--
-- Tábla szerkezet ehhez a táblához `temak`
--

CREATE TABLE `temak` (
  `tema_id` int(11) NOT NULL,
  `tema_nev` varchar(45) NOT NULL
) ENGINE=InnoDB DEFAULT CHARSET=utf8 COLLATE=utf8_hungarian_ci;

--
-- A tábla adatainak kiíratása `temak`
--

INSERT INTO `temak` (`tema_id`, `tema_nev`) VALUES
(1, 'light'),
(2, 'dark'),
(3, 'spring'),
(4, 'summer'),
(5, 'autumn'),
(6, 'blue'),
(7, 'red');

--
-- Indexek a kiírt táblákhoz
--

--
-- A tábla indexei `diakok`
--
ALTER TABLE `diakok`
  ADD PRIMARY KEY (`diak_id`),
  ADD KEY `oszt_id_idx` (`oszt_id`),
  ADD KEY `fel_id_idx` (`fel_id`);

--
-- A tábla indexei `ertekelesek`
--
ALTER TABLE `ertekelesek`
  ADD PRIMARY KEY (`ert_id`),
  ADD KEY `ora_idx` (`ora_id`),
  ADD KEY `diak_idx` (`diak_id`),
  ADD KEY `idopont_idx` (`ido_id`),
  ADD KEY `tipus_idx` (`tip_id`);

--
-- A tábla indexei `ertidopontok`
--
ALTER TABLE `ertidopontok`
  ADD PRIMARY KEY (`ido_id`);

--
-- A tábla indexei `erttipusok`
--
ALTER TABLE `erttipusok`
  ADD PRIMARY KEY (`tip_id`);

--
-- A tábla indexei `felhasznalok`
--
ALTER TABLE `felhasznalok`
  ADD PRIMARY KEY (`fel_id`),
  ADD KEY `jog_id_idx` (`jog_id`),
  ADD KEY `tema_id_idx` (`tema_id`);

--
-- A tábla indexei `hianyzasok`
--
ALTER TABLE `hianyzasok`
  ADD PRIMARY KEY (`hia_id`),
  ADD KEY `ora_idx` (`ora_id`),
  ADD KEY `diak_idx` (`diak_id`),
  ADD KEY `igazolas_idx` (`iga_id`);

--
-- A tábla indexei `igazolasok`
--
ALTER TABLE `igazolasok`
  ADD PRIMARY KEY (`iga_id`);

--
-- A tábla indexei `jogok`
--
ALTER TABLE `jogok`
  ADD PRIMARY KEY (`jog_id`);

--
-- A tábla indexei `orak`
--
ALTER TABLE `orak`
  ADD PRIMARY KEY (`ora_id`),
  ADD KEY `osztaly_idx` (`oszt_id`),
  ADD KEY `tanitott_idx` (`tanit_id`);

--
-- A tábla indexei `osztalyok`
--
ALTER TABLE `osztalyok`
  ADD PRIMARY KEY (`oszt_id`),
  ADD KEY `tanar_id_idx` (`tanar_id`);

--
-- A tábla indexei `tanarok`
--
ALTER TABLE `tanarok`
  ADD PRIMARY KEY (`tanar_id`),
  ADD KEY `fel_id_idx` (`fel_id`);

--
-- A tábla indexei `tanitott`
--
ALTER TABLE `tanitott`
  ADD PRIMARY KEY (`tanit_id`),
  ADD KEY `tantargy_idx` (`tant_id`),
  ADD KEY `tanar_idx` (`tanar_id`);

--
-- A tábla indexei `tantargyak`
--
ALTER TABLE `tantargyak`
  ADD PRIMARY KEY (`tant_id`);

--
-- A tábla indexei `temak`
--
ALTER TABLE `temak`
  ADD PRIMARY KEY (`tema_id`);

--
-- A kiírt táblák AUTO_INCREMENT értéke
--

--
-- AUTO_INCREMENT a táblához `ertekelesek`
--
ALTER TABLE `ertekelesek`
  MODIFY `ert_id` int(11) NOT NULL AUTO_INCREMENT, AUTO_INCREMENT=10;

--
-- AUTO_INCREMENT a táblához `ertidopontok`
--
ALTER TABLE `ertidopontok`
  MODIFY `ido_id` int(11) NOT NULL AUTO_INCREMENT, AUTO_INCREMENT=4;

--
-- AUTO_INCREMENT a táblához `erttipusok`
--
ALTER TABLE `erttipusok`
  MODIFY `tip_id` int(11) NOT NULL AUTO_INCREMENT, AUTO_INCREMENT=9;

--
-- AUTO_INCREMENT a táblához `felhasznalok`
--
ALTER TABLE `felhasznalok`
  MODIFY `fel_id` int(11) NOT NULL AUTO_INCREMENT, AUTO_INCREMENT=17;

--
-- AUTO_INCREMENT a táblához `hianyzasok`
--
ALTER TABLE `hianyzasok`
  MODIFY `hia_id` int(11) NOT NULL AUTO_INCREMENT, AUTO_INCREMENT=11;

--
-- AUTO_INCREMENT a táblához `igazolasok`
--
ALTER TABLE `igazolasok`
  MODIFY `iga_id` int(11) NOT NULL AUTO_INCREMENT, AUTO_INCREMENT=4;

--
-- AUTO_INCREMENT a táblához `jogok`
--
ALTER TABLE `jogok`
  MODIFY `jog_id` int(11) NOT NULL AUTO_INCREMENT, AUTO_INCREMENT=5;

--
-- AUTO_INCREMENT a táblához `orak`
--
ALTER TABLE `orak`
  MODIFY `ora_id` int(11) NOT NULL AUTO_INCREMENT, AUTO_INCREMENT=785;

--
-- AUTO_INCREMENT a táblához `osztalyok`
--
ALTER TABLE `osztalyok`
  MODIFY `oszt_id` int(11) NOT NULL AUTO_INCREMENT, AUTO_INCREMENT=5;

--
-- AUTO_INCREMENT a táblához `tanarok`
--
ALTER TABLE `tanarok`
  MODIFY `tanar_id` int(11) NOT NULL AUTO_INCREMENT, AUTO_INCREMENT=9;

--
-- AUTO_INCREMENT a táblához `tanitott`
--
ALTER TABLE `tanitott`
  MODIFY `tanit_id` int(11) NOT NULL AUTO_INCREMENT, AUTO_INCREMENT=14;

--
-- AUTO_INCREMENT a táblához `tantargyak`
--
ALTER TABLE `tantargyak`
  MODIFY `tant_id` int(11) NOT NULL AUTO_INCREMENT, AUTO_INCREMENT=14;

--
-- AUTO_INCREMENT a táblához `temak`
--
ALTER TABLE `temak`
  MODIFY `tema_id` int(11) NOT NULL AUTO_INCREMENT, AUTO_INCREMENT=8;

--
-- Megkötések a kiírt táblákhoz
--

--
-- Megkötések a táblához `diakok`
--
ALTER TABLE `diakok`
  ADD CONSTRAINT `diak_fel` FOREIGN KEY (`fel_id`) REFERENCES `felhasznalok` (`fel_id`) ON DELETE NO ACTION ON UPDATE NO ACTION,
  ADD CONSTRAINT `diak_oszt` FOREIGN KEY (`oszt_id`) REFERENCES `osztalyok` (`oszt_id`) ON DELETE NO ACTION ON UPDATE NO ACTION;

--
-- Megkötések a táblához `ertekelesek`
--
ALTER TABLE `ertekelesek`
  ADD CONSTRAINT `ert_diak` FOREIGN KEY (`diak_id`) REFERENCES `diakok` (`diak_id`) ON DELETE NO ACTION ON UPDATE NO ACTION,
  ADD CONSTRAINT `ert_ido` FOREIGN KEY (`ido_id`) REFERENCES `ertidopontok` (`ido_id`) ON DELETE NO ACTION ON UPDATE NO ACTION,
  ADD CONSTRAINT `ert_ora` FOREIGN KEY (`ora_id`) REFERENCES `orak` (`ora_id`) ON DELETE NO ACTION ON UPDATE NO ACTION,
  ADD CONSTRAINT `ert_tip` FOREIGN KEY (`tip_id`) REFERENCES `erttipusok` (`tip_id`) ON DELETE NO ACTION ON UPDATE NO ACTION;

--
-- Megkötések a táblához `felhasznalok`
--
ALTER TABLE `felhasznalok`
  ADD CONSTRAINT `fel_jog` FOREIGN KEY (`jog_id`) REFERENCES `jogok` (`jog_id`) ON DELETE NO ACTION ON UPDATE NO ACTION,
  ADD CONSTRAINT `fel_tema` FOREIGN KEY (`tema_id`) REFERENCES `temak` (`tema_id`) ON DELETE NO ACTION ON UPDATE NO ACTION;

--
-- Megkötések a táblához `hianyzasok`
--
ALTER TABLE `hianyzasok`
  ADD CONSTRAINT `hia_diak` FOREIGN KEY (`diak_id`) REFERENCES `diakok` (`diak_id`) ON DELETE NO ACTION ON UPDATE NO ACTION,
  ADD CONSTRAINT `hia_iga` FOREIGN KEY (`iga_id`) REFERENCES `igazolasok` (`iga_id`) ON DELETE NO ACTION ON UPDATE NO ACTION,
  ADD CONSTRAINT `hia_ora` FOREIGN KEY (`ora_id`) REFERENCES `orak` (`ora_id`) ON DELETE NO ACTION ON UPDATE NO ACTION;

--
-- Megkötések a táblához `orak`
--
ALTER TABLE `orak`
  ADD CONSTRAINT `ora_oszt` FOREIGN KEY (`oszt_id`) REFERENCES `osztalyok` (`oszt_id`) ON DELETE NO ACTION ON UPDATE NO ACTION,
  ADD CONSTRAINT `ora_tanit` FOREIGN KEY (`tanit_id`) REFERENCES `tanitott` (`tanit_id`) ON DELETE NO ACTION ON UPDATE NO ACTION;

--
-- Megkötések a táblához `osztalyok`
--
ALTER TABLE `osztalyok`
  ADD CONSTRAINT `oszt_tanar` FOREIGN KEY (`tanar_id`) REFERENCES `tanarok` (`tanar_id`) ON DELETE NO ACTION ON UPDATE NO ACTION;

--
-- Megkötések a táblához `tanarok`
--
ALTER TABLE `tanarok`
  ADD CONSTRAINT `tanar_fel` FOREIGN KEY (`fel_id`) REFERENCES `felhasznalok` (`fel_id`) ON DELETE NO ACTION ON UPDATE NO ACTION;

--
-- Megkötések a táblához `tanitott`
--
ALTER TABLE `tanitott`
  ADD CONSTRAINT `tanit_tanar` FOREIGN KEY (`tanar_id`) REFERENCES `tanarok` (`tanar_id`) ON DELETE NO ACTION ON UPDATE NO ACTION,
  ADD CONSTRAINT `tanit_tant` FOREIGN KEY (`tant_id`) REFERENCES `tantargyak` (`tant_id`) ON DELETE NO ACTION ON UPDATE NO ACTION;
COMMIT;

/*!40101 SET CHARACTER_SET_CLIENT=@OLD_CHARACTER_SET_CLIENT */;
/*!40101 SET CHARACTER_SET_RESULTS=@OLD_CHARACTER_SET_RESULTS */;
/*!40101 SET COLLATION_CONNECTION=@OLD_COLLATION_CONNECTION */;
